<component name="ProjectRunConfigurationManager">
  <configuration default="false" name="Run Amazon Q - Rider [2024.1]" type="GradleRunConfiguration" factoryName="Gradle" folderName="2024.1">
    <log_file alias="idea.log" path="$PROJECT_DIR$/plugins/amazonq/build/idea-sandbox/system/log/idea.log" />
    <ExternalSystemSettings>
      <option name="executionName" />
      <option name="externalProjectPath" value="$PROJECT_DIR$" />
      <option name="externalSystemIdString" value="GRADLE" />
      <option name="scriptParameters" value="-PrunIdeVariant=RD -PideProfileName=2024.1" />
      <option name="taskDescriptions">
        <list />
      </option>
      <option name="taskNames">
        <list>
          <option value=":plugin-amazonq:runIde" />
        </list>
      </option>
      <option name="vmOptions" />
    </ExternalSystemSettings>
    <ExternalSystemDebugServerProcess>false</ExternalSystemDebugServerProcess>
    <ExternalSystemReattachDebugProcess>true</ExternalSystemReattachDebugProcess>
    <DebugAllEnabled>false</DebugAllEnabled>
    <RunAsTest>false</RunAsTest>
    <method v="2" />
  </configuration>
</component>