{
  "date" : "2021-07-12",
  "version" : "1.28",
  "entries" : [ {
    "type" : "breaking",
    "description" : "Python 2.7 Lambda template removed from New Project Wizard"
  }, {
    "type" : "feature",
    "description" : "Adding the ability to inject credentials/region into existing IntelliJ IDEA and PyCharm Run Configurations (e.g Application, JUnit, Python, PyTest). This requires experiments `aws.feature.javaRunConfigurationExtension` / `aws.feature.pythonRunConfigurationExtension`, see [Enabling Experiments](https://github.com/aws/aws-toolkit-jetbrains/blob/master/README.md#experimental-features)"
  }, {
    "type" : "feature",
    "description" : "Add support for updating tags during SAM deployment"
  }, {
    "type" : "feature",
    "description" : "(Experimental) Adding ability to create a local terminal using the currently selected AWS connection (experiment ID `aws.feature.connectedLocalTerminal`, see [Enabling Experiments](https://github.com/aws/aws-toolkit-jetbrains/blob/master/README.md#experimental-features)) #2151"
  }, {
    "type" : "feature",
    "description" : "Add support for pulling images from ECR"
  }, {
    "type" : "bugfix",
    "description" : "Fix missing text in the View S3 bucket with prefix dialog"
  }, {
    "type" : "bugfix",
    "description" : "Improved performance of listing S3 buckets in certain situations"
  }, {
    "type" : "bugfix",
    "description" : "Fix copying action in CloudWatch Logs Stream and Event Time providing epoch time instead of displayed value"
  }, {
    "type" : "bugfix",
    "description" : "Fix using message bus after project has been closed (Fixes #2615)"
  }, {
    "type" : "bugfix",
    "description" : "Fix S3 bucket viewer actions being triggered by short cuts even if it is not focused"
  }, {
    "type" : "bugfix",
    "description" : "Don't show Lambda run configuration suggestions on Go test code"
  }, {
    "type" : "bugfix",
    "description" : "Fix being unable to create Python 3.8 Image-based Lambdas in New Project wizard"
  }, {
    "type" : "bugfix",
    "description" : "Fixed showing templates that were not for Image-based Lambdas when Image is selected in New Project wizard"
  }, {
    "type" : "deprecation",
    "description" : "An upcoming release will remove support for IDEs based on the 2020.2 platform"
  } ]
}