{
  "date" : "2019-06-10",
  "version" : "1.4",
  "entries" : [ {
    "type" : "feature",
    "description" : "Usability enhancements to the CloudFormation UI \n - color coding status similar to the AWS Console\n - preventing multiple tabs opening for the same stack (#798)\n - opening from AWS Explorer with right-click instead of double click (#799)\n - adding status reason to event view"
  }, {
    "type" : "feature",
    "description" : "Open README.md file after creating a project"
  }, {
    "type" : "feature",
    "description" : "Auto-create run configurations when using the New Project wizard"
  }, {
    "type" : "feature",
    "description" : "Enable toolkit in 2019.2 EAP"
  }, {
    "type" : "bugfix",
    "description" : "Fix unable to map paths that have `.` or `..` in them"
  }, {
    "type" : "bugfix",
    "description" : "Do not load proxy settings from Java system properties since it conflicts with IDE setting"
  }, {
    "type" : "bugfix",
    "description" : "Make sure we commit all open documents if using a file-based event input (#910)"
  }, {
    "type" : "bugfix",
    "description" : "Fix being unable to open an empty credentials/config file for editing"
  } ]
}