{
  "date" : "2023-02-17",
  "version" : "1.61",
  "entries" : [ {
    "type" : "bugfix",
    "description" : "Authenticating through the browser now requires users to manually enter a user verification code for SSO/AWS Builder ID"
  }, {
    "type" : "bugfix",
    "description" : "Fix NPE that may occur when installing the toolkit for the first time (#3433)"
  }, {
    "type" : "bugfix",
    "description" : "Fix network calls cant be made inside read/write action exception thrown from CodeWhisperer (#3423)"
  } ]
}