{
  "date" : "2019-11-25",
  "version" : "1.8-192",
  "entries" : [ {
    "type" : "breaking",
    "description" : "Now requires a minimum version of 2019.2 to run"
  }, {
    "type" : "feature",
    "description" : "Enable Cloud Debugging of ECS Services (beta)"
  }, {
    "type" : "feature",
    "description" : "Respect the default region in config file on first start of the IDE"
  }, {
    "type" : "feature",
    "description" : "Allow credential_process commands (in aws/config) to produce up to 64KB, permitting longer session tokens"
  }, {
    "type" : "feature",
    "description" : "Adding support for WebStorm"
  }, {
    "type" : "feature",
    "description" : "Enabled pasting of key value pairs into the environment variable table of local AWS Lambda run configurations"
  }, {
    "type" : "feature",
    "description" : "Adding support for Rider"
  }, {
    "type" : "bugfix",
    "description" : "Fix an IDE error showing up during \"SAM local debug\" caused by running \"docker ps\" on the wrong thread"
  }, {
    "type" : "bugfix",
    "description" : "Browsing for files in the Lambda run configuration is now rooted at the project directory"
  }, {
    "type" : "bugfix",
    "description" : "Add an error on empty CloudFormation template or template that lacks a \"Resources\" section"
  }, {
    "type" : "bugfix",
    "description" : "Rider: Fix unsupported Node runtime showing up in the \"Create Serverless Applications\" menu"
  }, {
    "type" : "bugfix",
    "description" : "Fix the IDE showing an error sometimes when the SAM template file is invalid"
  }, {
    "type" : "bugfix",
    "description" : "Resolve initialization errors on 2019.3 EAP"
  }, {
    "type" : "bugfix",
    "description" : "Fix getting SAM version timing out in some circumstances which caused SAM related commands to fail"
  }, {
    "type" : "bugfix",
    "description" : "Fix being able to run \"SAM local run\" configurations without Docker running"
  }, {
    "type" : "bugfix",
    "description" : "Fix IDE error caused by editor text field being requested at the wrong scope level"
  }, {
    "type" : "bugfix",
    "description" : "Rider: Fix the \"Deploy Serverless\" menu not appearing when right clicking on the project view"
  } ]
}