{
  "date" : "2023-12-13",
  "version" : "2.2",
  "entries" : [ {
    "type" : "feature",
    "description" : "CodeWhisperer security scans support ruby files."
  }, {
    "type" : "feature",
    "description" : "Use MDE endpoint set by environment variable"
  }, {
    "type" : "feature",
    "description" : "CodeWhisperer security scans now support Go files."
  }, {
    "type" : "bugfix",
    "description" : "Normalize telemetry logging metrics for AmazonQ Transform"
  }, {
    "type" : "bugfix",
    "description" : "Fix telemetry logging for new Amazon Q Code Transform telemetry updates"
  }, {
    "type" : "bugfix",
    "description" : "CodeWhisperer: Increase polling frequency for security scans."
  }, {
    "type" : "bugfix",
    "description" : "Fixed sign out button in the CodeWhisperer panel for Getting Started Page"
  }, {
    "type" : "bugfix",
    "description" : "Fix issue where the CodeWhisperer status bar widget is visible in a remote development environment"
  }, {
    "type" : "bugfix",
    "description" : "Amazon Q Transform: Fix to ensure backend gets necessary dependencies"
  }, {
    "type" : "removal",
    "description" : "Removed support for 2022.3.x IDEs"
  }, {
    "type" : "removal",
    "description" : "Removed support for Gateway 2023.2"
  } ]
}