{
  "date" : "2024-04-30",
  "version" : "3.1",
  "entries" : [ {
    "type" : "bugfix",
    "description" : "Amazon Q Feature Development: Handle generated code parsing for rendering references correctly"
  }, {
    "type" : "bugfix",
    "description" : "Amazon Q Chat: Copy to clipboard on code blocks doesn't work"
  }, {
    "type" : "bugfix",
    "description" : "Amazon Q Chat: Fixed markdown is not getting parsed inside list items."
  }, {
    "type" : "bugfix",
    "description" : "Fix help icon in the AWS Explorer pointing to the wrong auth instructions page"
  }, {
    "type" : "bugfix",
    "description" : "Amazon Q: Fix an issue where /dev usage would cause the UI to freeze and take an unusually long time to complete. (#4269)"
  }, {
    "type" : "bugfix",
    "description" : "Fix for Code Scan Issue editor popup for Builder Id users."
  } ]
}