{
  "date" : "2024-10-29",
  "version" : "3.35",
  "entries" : [ {
    "type" : "feature",
    "description" : "Remove read-only mode on before diff of code changes generated by agent"
  }, {
    "type" : "feature",
    "description" : "Provide more frequent updates about code changes made by agent"
  }, {
    "type" : "feature",
    "description" : "Amazon Q /dev: Add stop generation action"
  }, {
    "type" : "feature",
    "description" : "Added inline chat support. Select some code and hit ⌘+I on Mac or Ctrl+I on Windows to start"
  }, {
    "type" : "bugfix",
    "description" : "Fix pointless busy loop in Amazon Q wasting CPU cycles (#5000)"
  }, {
    "type" : "bugfix",
    "description" : "Update `@workspace` index when adding or deleting a file"
  }, {
    "type" : "deprecation",
    "description" : "An upcoming release will remove support for JetBrains Gateway version 2024.2 and for IDEs based on the 2023.3 platform"
  } ]
}