{
  "date" : "2024-05-16",
  "version" : "3.4",
  "entries" : [ {
    "type" : "bugfix",
    "description" : "Amazon Q Chat: Prompt input field in Q Chat tabs doesn't stop after it reaches to the given maxLength"
  }, {
    "type" : "bugfix",
    "description" : "Amazon Q Chat: When window gets focus, even though the autoFocus property is set to true, input field doesn't get focus"
  }, {
    "type" : "bugfix",
    "description" : "Amazon Q Chat: Inside chat body, if there is a code block inside a list item it shows <br/> tags"
  }, {
    "type" : "bugfix",
    "description" : "Security Scan: Improved error notifications"
  } ]
}