{
  "date" : "2024-11-27",
  "version" : "3.42",
  "entries" : [ {
    "type" : "feature",
    "description" : "Amazon Q /dev: support `Dockerfile` files"
  }, {
    "type" : "feature",
    "description" : "Feature(Amazon Q Code Transformation): allow users to view results in 5 smaller diffs"
  }, {
    "type" : "feature",
    "description" : "Introduce @workspace command to enhance chat context fetching for Chat"
  }, {
    "type" : "bugfix",
    "description" : "Correct search text for Amazon Q inline suggestion keybindings"
  }, {
    "type" : "bugfix",
    "description" : "Fix(Amazon Q Code Transformation): always show user latest/correct transformation results"
  }, {
    "type" : "bugfix",
    "description" : "Amazon Q /dev: Fix error when accepting changes if leading slash is present."
  } ]
}